country,url,March 15,March 16,March 17,March 18,March 19,March 20,March 21,March 22,March 23,March 24,March 25,March 26,March 27,March 28,March 29,March 30,March 31,April 01,April 02,April 03,April 04,April 05,April 06,April 07
Cyprus,https://raw.githubusercontent.com/google/region-flags/gh-pages/png/CY.png,26,33,46,49,67,67,84,95,116,124,132,146,162,179,214,230,262,320,356,396,426,446,465,494
Mauritius,https://raw.githubusercontent.com/google/region-flags/gh-pages/png/MU.png,0,0,0,3,3,12,14,28,36,42,48,81,94,102,107,128,143,161,169,186,196,227,244,268
Timor-Leste,https://raw.githubusercontent.com/google/region-flags/gh-pages/png/TL.png,0,0,0,0,0,0,0,1,1,1,1,1,1,1,1,1,1,1,1,1,1,1,1,1
Estonia,https://raw.githubusercontent.com/google/region-flags/gh-pages/png/EE.png,171,205,225,258,267,283,306,326,352,369,404,538,575,645,679,715,745,779,858,961,1039,1097,1108,1149
Equatorial Guinea,https://raw.githubusercontent.com/google/region-flags/gh-pages/png/GQ.png,1,1,1,4,6,6,6,6,9,9,9,12,12,12,12,12,12,15,15,16,16,16,16,16
Trinidad and Tobago,https://raw.githubusercontent.com/google/region-flags/gh-pages/png/TT.png,2,4,5,7,9,9,49,50,51,57,60,65,66,74,78,82,87,90,94,98,103,104,105,107
Bahrain,https://raw.githubusercontent.com/google/region-flags/gh-pages/png/BH.png,214,214,228,256,278,285,305,334,377,392,419,458,466,476,499,515,567,569,643,672,688,700,756,811
Kosovo,https://raw.githubusercontent.com/google/region-flags/gh-pages/png/KV.png,2,2,2,2,2,2,2,0,0,0,0,71,86,91,94,94,112,125,125,126,135,145,145,170
Guinea-Bissau,https://raw.githubusercontent.com/google/region-flags/gh-pages/png/GW.png,0,0,0,0,0,0,0,0,0,0,2,2,2,2,2,8,8,9,9,15,18,18,18,33
Latvia,https://raw.githubusercontent.com/google/region-flags/gh-pages/png/LV.png,30,34,49,71,86,111,124,139,180,197,221,244,280,305,347,376,398,446,458,493,509,533,542,548
North Macedonia,https://raw.githubusercontent.com/google/region-flags/gh-pages/png/MK.png,14,18,26,35,48,67,85,115,136,148,177,201,219,241,259,285,329,354,384,430,483,555,570,599
Slovenia,https://raw.githubusercontent.com/google/region-flags/gh-pages/png/SI.png,219,253,275,275,286,341,383,414,442,480,528,562,632,684,730,756,802,841,897,934,977,997,1021,1059
Gabon,https://raw.githubusercontent.com/google/region-flags/gh-pages/png/GA.png,1,1,1,1,1,3,4,5,5,6,6,7,7,7,7,7,16,18,21,21,21,21,24,30
Botswana,https://raw.githubusercontent.com/google/region-flags/gh-pages/png/BW.png,0,0,0,0,0,0,0,0,0,0,0,0,0,0,0,3,4,4,4,4,4,6,6,6
Gambia,https://raw.githubusercontent.com/google/region-flags/gh-pages/png/GM.png,0,0,0,0,0,0,0,1,2,3,3,3,3,3,4,4,4,4,4,4,4,4,4,4
Namibia,https://raw.githubusercontent.com/google/region-flags/gh-pages/png/nan.png,2,2,2,2,3,3,3,3,4,7,7,8,8,8,11,11,11,14,14,14,14,16,16,16
Lithuania,https://raw.githubusercontent.com/google/region-flags/gh-pages/png/LT.png,12,17,25,27,36,49,83,129,179,209,274,299,358,394,460,491,537,581,649,696,771,811,843,880
Qatar,https://raw.githubusercontent.com/google/region-flags/gh-pages/png/QA.png,401,439,439,452,460,470,481,494,501,526,537,549,562,590,634,693,781,835,949,1075,1325,1604,1832,2057
Jamaica,https://raw.githubusercontent.com/google/region-flags/gh-pages/png/JM.png,10,10,12,13,15,16,16,19,19,21,26,26,26,30,32,36,36,44,47,47,53,58,58,63
Albania,https://raw.githubusercontent.com/google/region-flags/gh-pages/png/AL.png,42,51,55,59,64,70,76,89,104,123,146,174,186,197,212,223,243,259,277,304,333,361,377,383
Armenia,https://raw.githubusercontent.com/google/region-flags/gh-pages/png/AM.png,26,52,78,84,115,136,160,194,235,249,265,290,329,407,424,482,532,571,663,736,770,822,833,853
Mongolia,https://raw.githubusercontent.com/google/region-flags/gh-pages/png/MN.png,1,1,5,6,6,6,10,10,10,10,10,11,11,12,12,12,12,14,14,14,14,14,15,15
Eritrea,https://raw.githubusercontent.com/google/region-flags/gh-pages/png/ER.png,0,0,0,0,0,0,1,1,1,1,4,6,6,6,12,12,15,15,22,22,29,29,31,31
Uruguay,https://raw.githubusercontent.com/google/region-flags/gh-pages/png/UY.png,4,8,29,50,79,94,110,135,158,162,189,217,238,274,304,310,338,338,350,369,400,400,406,424
Moldova,https://raw.githubusercontent.com/google/region-flags/gh-pages/png/MD.png,23,23,30,30,49,66,80,94,109,125,149,177,199,231,263,298,353,423,505,591,752,864,965,1056
Georgia,https://raw.githubusercontent.com/google/region-flags/gh-pages/png/GE.png,33,33,34,38,40,43,49,54,61,70,75,79,83,90,91,103,110,117,134,155,162,174,188,196
Croatia,https://raw.githubusercontent.com/google/region-flags/gh-pages/png/HR.png,49,57,65,81,105,128,206,254,315,382,442,495,586,657,713,790,867,963,1011,1079,1126,1182,1222,1282
Kuwait,https://raw.githubusercontent.com/google/region-flags/gh-pages/png/KW.png,112,123,130,142,148,159,176,188,189,191,195,208,225,235,255,266,289,317,342,417,479,556,665,743
Panama,https://raw.githubusercontent.com/google/region-flags/gh-pages/png/PA.png,43,55,69,86,109,137,200,313,313,345,443,558,674,786,901,989,1181,1181,1317,1475,1673,1801,1988,2100
Mauritania,https://raw.githubusercontent.com/google/region-flags/gh-pages/png/MR.png,1,1,1,1,2,2,2,2,2,2,2,3,3,5,5,5,6,6,6,6,6,6,6,6
Oman,https://raw.githubusercontent.com/google/region-flags/gh-pages/png/OM.png,22,22,24,39,48,48,52,55,66,84,99,109,131,152,167,179,192,210,231,252,277,298,331,371
Central African Republic,https://raw.githubusercontent.com/google/region-flags/gh-pages/png/CF.png,1,1,1,1,1,3,3,3,3,3,3,3,3,3,3,3,3,3,3,8,8,8,8,8
Liberia,https://raw.githubusercontent.com/google/region-flags/gh-pages/png/LR.png,0,1,1,2,2,2,3,3,3,3,3,3,3,3,3,3,3,6,6,7,10,13,14,14
Ireland,https://raw.githubusercontent.com/google/region-flags/gh-pages/png/IE.png,129,169,223,292,557,683,785,906,1125,1329,1564,1819,2121,2415,2615,2910,3235,3447,3849,4273,4604,4994,5364,5709
New Zealand,https://raw.githubusercontent.com/google/region-flags/gh-pages/png/NZ.png,8,8,12,20,28,39,52,102,102,155,205,283,368,451,514,589,647,708,797,868,950,1039,1106,1160
Costa Rica,https://raw.githubusercontent.com/google/region-flags/gh-pages/png/CR.png,27,35,41,50,69,89,117,134,158,177,201,231,263,295,314,330,347,375,396,416,435,454,467,483
Norway,https://raw.githubusercontent.com/google/region-flags/gh-pages/png/NO.png,1221,1333,1463,1550,1746,1914,2118,2263,2621,2863,3084,3369,3755,4015,4284,4445,4641,4863,5147,5370,5550,5687,5865,6086
Slovakia,https://raw.githubusercontent.com/google/region-flags/gh-pages/png/SK.png,54,63,72,105,123,137,178,185,186,204,216,226,269,292,314,336,363,400,426,450,471,485,534,581
Finland,https://raw.githubusercontent.com/google/region-flags/gh-pages/png/FI.png,244,277,321,336,400,450,523,626,700,792,880,958,1041,1167,1240,1352,1418,1446,1518,1615,1882,1927,2176,2308
Singapore,https://raw.githubusercontent.com/google/region-flags/gh-pages/png/SG.png,226,243,266,313,345,385,432,455,509,558,631,683,732,802,844,879,926,1000,1049,1114,1189,1309,1375,1481
Denmark,https://raw.githubusercontent.com/google/region-flags/gh-pages/png/DK.png,875,932,1024,1115,1225,1337,1420,1514,1572,1718,1862,2023,2200,2366,2564,2755,3039,3290,3573,3946,4269,4561,4875,5266
El Salvador,https://raw.githubusercontent.com/google/region-flags/gh-pages/png/SV.png,0,0,0,0,1,1,3,3,3,5,9,13,13,19,24,30,32,32,41,46,56,62,69,78
Kyrgyzstan,https://raw.githubusercontent.com/google/region-flags/gh-pages/png/KG.png,0,0,0,3,3,6,14,14,16,42,44,44,58,58,84,94,107,111,116,130,144,147,216,228
Nicaragua,https://raw.githubusercontent.com/google/region-flags/gh-pages/png/NI.png,0,0,0,0,1,1,2,2,2,2,2,2,2,4,4,4,5,5,5,5,5,6,6,6
Libya,https://raw.githubusercontent.com/google/region-flags/gh-pages/png/LY.png,0,0,0,0,0,0,0,0,0,1,1,1,1,3,8,8,10,10,11,11,18,18,19,20
Lebanon,https://raw.githubusercontent.com/google/region-flags/gh-pages/png/LB.png,110,99,120,133,157,163,187,248,267,318,333,368,391,412,438,446,470,479,494,508,520,527,541,548
Serbia,https://raw.githubusercontent.com/google/region-flags/gh-pages/png/RS.png,48,55,65,83,103,135,171,222,249,303,384,384,457,659,741,785,900,1060,1171,1476,1624,1908,2200,2447
Bulgaria,https://raw.githubusercontent.com/google/region-flags/gh-pages/png/BG.png,51,52,67,92,94,127,163,187,201,218,242,264,293,331,346,359,399,422,457,485,503,531,549,577
Laos,https://raw.githubusercontent.com/google/region-flags/gh-pages/png/LA.png,0,0,0,0,0,0,0,0,0,2,3,6,6,8,8,8,9,10,10,10,10,11,12,14
Paraguay,https://raw.githubusercontent.com/google/region-flags/gh-pages/png/PY.png,6,8,9,11,11,13,18,22,22,27,37,41,52,56,59,64,65,69,77,92,96,104,113,115
Sierra Leone,https://raw.githubusercontent.com/google/region-flags/gh-pages/png/SL.png,0,0,0,0,0,0,0,0,0,0,0,0,0,0,0,0,1,2,2,2,4,6,6,6
Togo,https://raw.githubusercontent.com/google/region-flags/gh-pages/png/TG.png,1,1,1,1,1,9,16,16,18,20,23,23,25,25,25,30,34,36,39,40,41,44,58,65
Israel,https://raw.githubusercontent.com/google/region-flags/gh-pages/png/IL.png,251,255,337,433,677,705,883,1071,1442,1930,2369,2693,3035,3619,4247,4695,5358,6092,6857,7428,7851,8430,8904,9248
Switzerland,https://raw.githubusercontent.com/google/region-flags/gh-pages/png/CH.png,2200,2200,2700,3028,4075,5294,6575,7474,8795,9877,10897,11811,12928,14076,14829,15922,16605,17768,18827,19606,20505,21100,21657,22253
Papua New Guinea,https://raw.githubusercontent.com/google/region-flags/gh-pages/png/PG.png,0,0,0,0,0,1,1,1,1,1,1,1,1,1,1,1,1,1,1,1,1,1,2,2
Austria,https://raw.githubusercontent.com/google/region-flags/gh-pages/png/AT.png,860,1018,1332,1646,2013,2388,2814,3580,4474,5283,5588,6909,7657,8271,8788,9618,10180,10711,11129,11524,11781,12051,12297,12639
Belarus,https://raw.githubusercontent.com/google/region-flags/gh-pages/png/BY.png,27,36,36,51,51,69,76,76,81,81,86,86,94,94,94,152,152,163,304,351,440,562,700,861
United Arab Emirates,https://raw.githubusercontent.com/google/region-flags/gh-pages/png/AE.png,98,98,98,113,140,140,153,153,198,248,333,333,405,468,570,611,664,814,1024,1264,1505,1799,2076,2359
Honduras,https://raw.githubusercontent.com/google/region-flags/gh-pages/png/HN.png,3,6,8,9,12,24,24,26,27,30,36,52,68,95,110,139,141,172,219,222,264,268,298,305
Hungary,https://raw.githubusercontent.com/google/region-flags/gh-pages/png/HU.png,32,39,50,58,73,85,103,131,167,187,226,261,300,343,408,447,492,525,585,623,678,733,744,817
Azerbaijan,https://raw.githubusercontent.com/google/region-flags/gh-pages/png/AZ.png,23,15,28,28,44,44,53,65,72,87,93,122,165,182,209,273,298,359,400,443,521,584,641,717
Portugal,https://raw.githubusercontent.com/google/region-flags/gh-pages/png/PT.png,245,331,448,448,785,1020,1280,1600,2060,2362,2995,3544,4268,5170,5962,6408,7443,8251,9034,9886,10524,11278,11730,12442
Sweden,https://raw.githubusercontent.com/google/region-flags/gh-pages/png/SE.png,1022,1103,1190,1279,1439,1639,1763,1931,2046,2286,2526,2840,3069,3447,3700,4028,4435,4947,5568,6131,6443,6830,7206,7693
Dominican Republic,https://raw.githubusercontent.com/google/region-flags/gh-pages/png/DO.png,11,11,21,21,34,72,112,202,245,312,392,488,581,719,859,901,1109,1284,1380,1488,1488,1745,1828,1956
Jordan,https://raw.githubusercontent.com/google/region-flags/gh-pages/png/JO.png,8,17,34,52,69,85,85,112,127,154,172,212,235,246,259,268,274,278,299,310,323,345,349,353
Czechia,https://raw.githubusercontent.com/google/region-flags/gh-pages/png/CZ.png,253,298,396,464,694,833,995,1120,1236,1394,1654,1925,2279,2631,2817,3001,3308,3508,3858,4091,4472,4587,4822,5017
Greece,https://raw.githubusercontent.com/google/region-flags/gh-pages/png/GR.png,331,331,387,418,418,495,530,624,695,743,821,892,966,1061,1156,1212,1314,1415,1544,1613,1673,1735,1755,1832
South Sudan,https://raw.githubusercontent.com/google/region-flags/gh-pages/png/SS.png,0,0,0,0,0,0,0,0,0,0,0,0,0,0,0,0,0,0,0,0,0,1,1,2
Cuba,https://raw.githubusercontent.com/google/region-flags/gh-pages/png/CU.png,4,4,5,7,11,16,21,35,40,48,57,67,80,119,139,170,186,212,233,269,288,320,350,396
Haiti,https://raw.githubusercontent.com/google/region-flags/gh-pages/png/HT.png,0,0,0,0,0,2,2,2,6,7,8,8,8,8,15,15,15,16,16,18,20,21,24,25
Belgium,https://raw.githubusercontent.com/google/region-flags/gh-pages/png/BE.png,886,1058,1243,1486,1795,2257,2815,3401,3743,4269,4937,6235,7284,9134,10836,11899,12775,13964,15348,16770,18431,19691,20814,22194
Bolivia,https://raw.githubusercontent.com/google/region-flags/gh-pages/png/BO.png,10,11,11,12,12,15,19,24,27,29,32,43,61,74,81,97,107,115,123,132,139,157,183,194
Burundi,https://raw.githubusercontent.com/google/region-flags/gh-pages/png/BI.png,0,0,0,0,0,0,0,0,0,0,0,0,0,0,0,0,2,2,3,3,3,3,3,3
Tunisia,https://raw.githubusercontent.com/google/region-flags/gh-pages/png/TN.png,18,20,24,29,39,54,60,75,89,114,173,197,227,278,312,312,394,423,455,495,553,574,596,623
Benin,https://raw.githubusercontent.com/google/region-flags/gh-pages/png/BJ.png,0,1,1,2,2,2,2,2,5,6,6,6,6,6,6,6,9,13,13,16,16,22,26,26
Guinea,https://raw.githubusercontent.com/google/region-flags/gh-pages/png/GN.png,1,1,1,1,1,1,2,2,4,4,4,4,8,8,16,22,22,30,52,73,111,121,128,144
Rwanda,https://raw.githubusercontent.com/google/region-flags/gh-pages/png/RW.png,1,5,7,8,8,17,17,19,36,40,41,50,54,60,70,70,75,82,84,89,102,104,105,105
Zimbabwe,https://raw.githubusercontent.com/google/region-flags/gh-pages/png/ZW.png,0,0,0,0,0,1,3,3,3,3,3,3,5,7,7,7,8,8,9,9,9,9,10,11
Somalia,https://raw.githubusercontent.com/google/region-flags/gh-pages/png/SO.png,0,1,1,1,1,1,1,1,1,1,1,2,3,3,3,3,5,5,5,7,7,7,7,8
Senegal,https://raw.githubusercontent.com/google/region-flags/gh-pages/png/SN.png,24,24,26,31,31,38,47,67,79,86,99,105,119,130,142,162,175,190,195,207,219,222,226,237
Chad,https://raw.githubusercontent.com/google/region-flags/gh-pages/png/TD.png,0,0,0,0,1,1,1,1,1,3,3,3,3,3,3,5,7,7,8,8,9,9,9,10
Cambodia,https://raw.githubusercontent.com/google/region-flags/gh-pages/png/KH.png,7,7,33,35,37,51,53,84,87,91,96,96,99,99,103,107,109,109,110,114,114,114,114,115
Syria,https://raw.githubusercontent.com/google/region-flags/gh-pages/png/SY.png,0,0,0,0,0,0,0,1,1,1,5,5,5,5,9,10,10,10,16,16,16,19,19,19
Ecuador,https://raw.githubusercontent.com/google/region-flags/gh-pages/png/EC.png,28,37,58,111,199,367,506,789,981,1082,1173,1403,1595,1823,1924,1962,2240,2748,3163,3368,3465,3646,3747,3747
Netherlands,https://raw.githubusercontent.com/google/region-flags/gh-pages/png/NL.png,1135,1414,1708,2056,2465,3003,3640,4217,4764,5580,6438,7468,8647,9819,10930,11817,12667,13696,14788,15821,16727,17953,18926,19709
Guatemala,https://raw.githubusercontent.com/google/region-flags/gh-pages/png/GT.png,1,2,6,6,9,12,17,19,20,21,24,25,28,34,34,36,38,39,47,50,61,61,70,77
Zambia,https://raw.githubusercontent.com/google/region-flags/gh-pages/png/ZM.png,0,0,0,2,2,2,2,3,3,3,12,16,22,28,29,35,35,36,39,39,39,39,39,39
Kazakhstan,https://raw.githubusercontent.com/google/region-flags/gh-pages/png/KZ.png,9,10,33,35,44,49,53,59,62,72,81,111,150,228,284,302,343,380,435,464,531,584,662,697
Malawi,https://raw.githubusercontent.com/google/region-flags/gh-pages/png/MW.png,0,0,0,0,0,0,0,0,0,0,0,0,0,0,0,0,0,0,3,3,4,4,5,8
Chile,https://raw.githubusercontent.com/google/region-flags/gh-pages/png/CL.png,74,155,201,238,238,434,537,632,746,922,1142,1306,1610,1909,2139,2449,2738,3031,3404,3737,4161,4471,4815,5116
Romania,https://raw.githubusercontent.com/google/region-flags/gh-pages/png/RO.png,131,158,184,260,277,308,367,433,576,794,906,1029,1292,1452,1815,2109,2245,2460,2738,3183,3613,3864,4057,4417
Mali,https://raw.githubusercontent.com/google/region-flags/gh-pages/png/ML.png,0,0,0,0,0,0,0,0,0,0,2,4,11,18,18,25,28,31,36,39,41,45,47,56
Burkina Faso,https://raw.githubusercontent.com/google/region-flags/gh-pages/png/BF.png,3,15,15,20,33,40,64,75,99,114,146,152,180,207,222,246,261,282,288,302,318,345,364,384
Sri Lanka,https://raw.githubusercontent.com/google/region-flags/gh-pages/png/LK.png,18,28,44,51,60,73,77,82,97,102,102,106,106,113,117,122,143,146,151,159,166,176,178,185
Niger,https://raw.githubusercontent.com/google/region-flags/gh-pages/png/NE.png,0,0,0,0,0,1,1,2,3,3,7,10,10,10,18,27,27,74,98,120,144,184,253,278
Australia,https://raw.githubusercontent.com/google/region-flags/gh-pages/png/AU.png,297,377,452,568,681,791,1071,1490,1682,2044,2364,2810,3143,3640,3984,4361,4559,4862,5116,5330,5550,5687,5797,5895
Cote d'Ivoire,https://raw.githubusercontent.com/google/region-flags/gh-pages/png/CI.png,1,1,5,6,9,9,14,14,25,73,80,96,101,101,165,168,179,190,194,218,245,261,323,349
Cameroon,https://raw.githubusercontent.com/google/region-flags/gh-pages/png/CM.png,2,4,10,10,13,20,27,40,56,66,75,75,91,91,139,139,193,233,306,509,555,650,658,658
Madagascar,https://raw.githubusercontent.com/google/region-flags/gh-pages/png/MG.png,0,0,0,0,0,3,3,3,12,17,19,23,26,26,39,43,57,57,59,70,70,72,82,88
Venezuela,https://raw.githubusercontent.com/google/region-flags/gh-pages/png/VE.png,10,17,33,36,42,42,70,70,77,84,91,107,107,119,119,135,135,143,146,153,155,159,165,165
Nepal,https://raw.githubusercontent.com/google/region-flags/gh-pages/png/NP.png,1,1,1,1,1,1,1,1,2,2,3,3,4,5,5,5,5,5,6,6,9,9,9,9
Ghana,https://raw.githubusercontent.com/google/region-flags/gh-pages/png/GH.png,6,6,7,7,11,16,19,23,27,53,93,132,137,141,152,152,161,195,204,205,205,214,214,287
Mozambique,https://raw.githubusercontent.com/google/region-flags/gh-pages/png/MZ.png,0,0,0,0,0,0,0,1,1,3,5,7,7,8,8,8,8,10,10,10,10,10,10,10
Angola,https://raw.githubusercontent.com/google/region-flags/gh-pages/png/AO.png,0,0,0,0,0,1,2,2,3,3,3,4,4,5,7,7,7,8,8,8,10,14,16,17
Peru,https://raw.githubusercontent.com/google/region-flags/gh-pages/png/PE.png,43,86,117,145,234,234,318,363,395,416,480,580,635,671,852,950,1065,1323,1414,1595,1746,2281,2561,2954
Malaysia,https://raw.githubusercontent.com/google/region-flags/gh-pages/png/MY.png,428,566,673,790,900,1030,1183,1306,1518,1624,1796,2031,2161,2320,2470,2626,2766,2908,3116,3333,3483,3662,3793,3963
Uzbekistan,https://raw.githubusercontent.com/google/region-flags/gh-pages/png/UZ.png,1,6,10,15,23,33,43,43,46,50,60,75,88,104,144,149,172,181,205,227,266,342,457,520
Saudi Arabia,https://raw.githubusercontent.com/google/region-flags/gh-pages/png/SA.png,103,118,171,171,274,344,392,511,562,767,900,1012,1104,1203,1299,1453,1563,1720,1885,2039,2179,2402,2605,2795
Morocco,https://raw.githubusercontent.com/google/region-flags/gh-pages/png/MA.png,28,29,38,49,63,77,96,115,143,170,225,275,345,402,479,556,617,654,708,791,919,1021,1120,1184
Canada,https://raw.githubusercontent.com/google/region-flags/gh-pages/png/CA.png,250,415,478,657,800,943,1278,1470,2088,2790,3251,4042,4682,5576,6280,7398,8527,9560,11284,12437,12978,15756,16563,17872
Afghanistan,https://raw.githubusercontent.com/google/region-flags/gh-pages/png/AF.png,16,21,22,22,22,24,24,40,40,74,84,94,110,110,120,170,174,237,273,281,299,349,367,423
Poland,https://raw.githubusercontent.com/google/region-flags/gh-pages/png/PL.png,119,177,238,251,355,425,536,634,749,901,1051,1221,1389,1638,1862,2055,2311,2554,2946,3383,3627,4102,4413,4848
Iraq,https://raw.githubusercontent.com/google/region-flags/gh-pages/png/IQ.png,116,124,154,164,192,208,214,233,266,316,346,382,458,506,547,630,694,728,772,820,878,961,1031,1122
Ukraine,https://raw.githubusercontent.com/google/region-flags/gh-pages/png/UA.png,3,7,14,14,16,29,47,73,73,97,145,196,310,356,475,548,645,794,897,1072,1225,1308,1319,1462
Sudan,https://raw.githubusercontent.com/google/region-flags/gh-pages/png/SD.png,1,1,1,2,2,2,2,2,2,3,3,3,3,5,6,6,7,7,8,10,10,12,12,14
Algeria,https://raw.githubusercontent.com/google/region-flags/gh-pages/png/DZ.png,48,54,60,74,87,90,139,201,230,264,302,367,409,454,511,584,716,847,986,1171,1251,1320,1423,1468
Uganda,https://raw.githubusercontent.com/google/region-flags/gh-pages/png/UG.png,0,0,0,0,0,0,1,1,9,9,14,14,23,30,33,33,44,44,45,48,48,52,52,52
Argentina,https://raw.githubusercontent.com/google/region-flags/gh-pages/png/AR.png,45,56,68,79,97,128,158,266,266,387,387,502,589,690,745,820,1054,1054,1133,1265,1451,1451,1554,1628
Spain,https://raw.githubusercontent.com/google/region-flags/gh-pages/png/ES.png,7798,9942,11748,13910,17963,20410,25374,28603,35136,39885,49515,57786,65719,73235,80110,87956,95923,104118,112065,119199,126168,131646,136675,141942
Colombia,https://raw.githubusercontent.com/google/region-flags/gh-pages/png/CO.png,34,54,65,93,102,128,196,231,277,378,470,491,539,608,702,798,906,1065,1161,1267,1406,1485,1579,1780
"Korea, South",https://raw.githubusercontent.com/google/region-flags/gh-pages/png/KR.png,8162,8236,8320,8413,8565,8652,8799,8897,8961,9037,9137,9241,9332,9478,9583,9661,9786,9887,9976,10062,10156,10237,10284,10331
Kenya,https://raw.githubusercontent.com/google/region-flags/gh-pages/png/KE.png,3,3,3,3,7,7,7,15,16,25,28,31,31,38,42,50,59,81,110,122,126,142,158,172
Tanzania,https://raw.githubusercontent.com/google/region-flags/gh-pages/png/TZ.png,0,1,1,3,6,6,6,12,12,12,12,13,13,14,14,19,19,20,20,20,20,22,24,24
South Africa,https://raw.githubusercontent.com/google/region-flags/gh-pages/png/ZA.png,51,62,62,116,150,202,240,274,402,554,709,927,1170,1187,1280,1326,1353,1380,1462,1505,1585,1655,1686,1749
Italy,https://raw.githubusercontent.com/google/region-flags/gh-pages/png/IT.png,24747,27980,31506,35713,41035,47021,53578,59138,63927,69176,74386,80589,86498,92472,97689,101739,105792,110574,115242,119827,124632,128948,132547,135586
France,https://raw.githubusercontent.com/google/region-flags/gh-pages/png/FR.png,4513,6650,7683,9052,10886,12632,14308,16214,20123,22622,25600,29551,33402,38105,40708,45170,52827,57749,59929,65202,90848,93773,98963,110065
Thailand,https://raw.githubusercontent.com/google/region-flags/gh-pages/png/TH.png,114,147,177,212,272,322,411,599,721,827,934,1045,1136,1245,1388,1524,1651,1771,1875,1978,2067,2169,2220,2258
United Kingdom,https://raw.githubusercontent.com/google/region-flags/gh-pages/png/GB.png,1144,1551,1960,2642,2716,4014,5067,5741,6726,8164,9640,11812,14745,17312,19780,22453,25481,29865,34173,38689,42477,48436,52279,55949
Turkey,https://raw.githubusercontent.com/google/region-flags/gh-pages/png/TR.png,6,18,47,98,192,359,670,1236,1529,1872,2433,3629,5698,7402,9217,10827,13531,15679,18135,20921,23934,27069,30217,34109
Germany,https://raw.githubusercontent.com/google/region-flags/gh-pages/png/DE.png,5795,7272,9257,12327,15320,19848,22213,24873,29056,32986,37323,43938,50871,57695,62095,66885,71808,77872,84794,91159,96092,100123,103374,107663
Iran,https://raw.githubusercontent.com/google/region-flags/gh-pages/png/IR.png,13938,14991,16169,17361,18407,19644,20610,21638,23049,24811,27017,29406,32332,35408,38309,41495,44605,47593,50468,53183,55743,58226,60500,62589
Vietnam,https://raw.githubusercontent.com/google/region-flags/gh-pages/png/VN.png,56,61,66,75,85,91,94,113,123,134,141,153,163,174,188,203,212,218,233,237,240,241,245,249
Egypt,https://raw.githubusercontent.com/google/region-flags/gh-pages/png/EG.png,110,150,196,196,256,285,294,327,366,402,456,495,536,576,609,656,710,779,865,985,1070,1173,1322,1450
Philippines,https://raw.githubusercontent.com/google/region-flags/gh-pages/png/PH.png,140,142,187,202,217,230,307,380,462,552,636,707,803,1075,1418,1546,2084,2311,2633,3018,3094,3246,3660,3764
Ethiopia,https://raw.githubusercontent.com/google/region-flags/gh-pages/png/ET.png,1,5,5,6,6,9,9,11,11,12,12,12,16,16,21,23,26,29,29,35,38,43,44,52
Japan,https://raw.githubusercontent.com/google/region-flags/gh-pages/png/JP.png,839,825,878,889,924,963,1007,1086,1128,1193,1307,1387,1468,1693,1866,1866,1953,2178,2495,2617,3139,3139,3654,3906
Mexico,https://raw.githubusercontent.com/google/region-flags/gh-pages/png/MX.png,41,53,82,93,118,164,203,251,316,367,405,475,585,717,848,993,1094,1215,1378,1510,1688,1890,2143,2439
Russia,https://raw.githubusercontent.com/google/region-flags/gh-pages/png/RU.png,63,90,114,147,199,253,306,367,438,495,658,840,1036,1264,1534,1836,2337,2777,3548,4149,4731,5389,6343,7497
Bangladesh,https://raw.githubusercontent.com/google/region-flags/gh-pages/png/BD.png,5,8,10,14,17,20,25,27,33,39,39,44,48,48,48,49,51,54,56,61,70,88,123,164
Nigeria,https://raw.githubusercontent.com/google/region-flags/gh-pages/png/NG.png,2,2,3,8,8,12,22,30,40,44,51,65,70,89,111,131,135,174,184,210,214,232,238,254
Brazil,https://raw.githubusercontent.com/google/region-flags/gh-pages/png/BR.png,162,200,321,372,621,793,1021,1546,1924,2247,2554,2985,3417,3904,4256,4579,5717,6836,8044,9056,10360,11130,12161,14034
Pakistan,https://raw.githubusercontent.com/google/region-flags/gh-pages/png/PK.png,53,136,236,299,454,501,730,776,875,972,1063,1201,1373,1495,1597,1717,1938,2118,2421,2686,2818,3157,3766,4035
Indonesia,https://raw.githubusercontent.com/google/region-flags/gh-pages/png/ID.png,117,134,172,227,311,369,450,514,579,686,790,893,1046,1155,1285,1414,1528,1677,1790,1986,2092,2273,2491,2738
United States,https://raw.githubusercontent.com/google/region-flags/gh-pages/png/US.png,3499,4632,6421,7786,13680,19101,25514,33848,43667,53740,65778,83836,101657,121478,140909,161837,188172,213372,243453,275586,308850,337072,366667,396223
India,https://raw.githubusercontent.com/google/region-flags/gh-pages/png/IN.png,113,119,142,156,194,244,330,396,499,536,657,727,887,987,1024,1251,1397,1998,2543,2567,3082,3588,4778,5311
